Head Line,Summary
Article 1 Headline,This is a summary of article 1
Article 2 Headline,This is a summary of article 2
Article 3 Headline,This is a summary of article 3
Article 4 Headline,This is a summary of article 4
Article 5 Headline,This is a summary of article 5
Article 6 Headline,This is a summary of article 6
Article 7 Headline,This is a summary of article 7
Article 8 Headline,This is a summary of article 8
Article 9 Headline,This is a summary of article 9
Article 10 Headline,This is a summary of article 10
Article 11 Headline,This is a summary of article 11
Article 12 Headline,This is a summary of article 12
